Format,Metric,Year,Value (Actual)
Other Tapes,Value,1973,15.6
LP/EP,Value,1973,1246.0
Cassette,Units,1973,15.0
8 - Track,Value,1973,489.0
Other Tapes,Value (Adjusted),1973,89.825432432
Cassette,Value,1973,76.0
Cassette,Value (Adjusted),1973,437.611081081
8 - Track,Value (Adjusted),1973,2815.681824
Vinyl Single,Value,1973,190.0
Vinyl Single,Value (Adjusted),1973,1094.027703
LP/EP,Value (Adjusted),1973,7174.518514
Other Tapes,Units,1973,2.2
LP/EP,Units,1973,280.0
Vinyl Single,Units,1973,228.0
8 - Track,Units,1973,91.0
Cassette,Value,1974,87.2
Cassette,Value (Adjusted),1974,452.196559838
Cassette,Units,1974,15.3
8 - Track,Value,1974,549.2
8 - Track,Value (Adjusted),1974,2848.008609
Vinyl Single,Value,1974,194.0
Other Tapes,Value,1974,13.3
LP/EP,Value,1974,1356.0
Other Tapes,Value (Adjusted),1974,68.970346856
Other Tapes,Units,1974,1.9
Vinyl Single,Value (Adjusted),1974,1006.033631
LP/EP,Value (Adjusted),1974,7031.863935
8 - Track,Units,1974,96.7
Vinyl Single,Units,1974,204.0
LP/EP,Units,1974,276.0
LP/EP,Units,1975,257.0
Other Tapes,Value,1975,10.2
Vinyl Single,Units,1975,164.0
Cassette,Value,1975,98.8
Cassette,Value (Adjusted),1975,469.496498141
8 - Track,Units,1975,94.6
8 - Track,Value,1975,583.0
Cassette,Units,1975,16.2
Other Tapes,Value (Adjusted),1975,48.470286245
LP/EP,Value,1975,1485.0
LP/EP,Value (Adjusted),1975,7056.703439
Vinyl Single,Value (Adjusted),1975,1005.045641
Vinyl Single,Value,1975,211.5
8 - Track,Value (Adjusted),1975,2770.409498
Other Tapes,Units,1975,1.5
8 - Track,Value (Adjusted),1976,3047.215772
Other Tapes,Units,1976,0.7
Vinyl Single,Value,1976,245.1
Vinyl Single,Value (Adjusted),1976,1101.25713
LP/EP,Value (Adjusted),1976,7472.013902
LP/EP,Value,1976,1663.0
Other Tapes,Value (Adjusted),1976,22.914775044
Cassette,Units,1976,21.8
8 - Track,Value,1976,678.2
8 - Track,Units,1976,106.1
Cassette,Value,1976,145.7
Cassette,Value (Adjusted),1976,654.643671353
LP/EP,Units,1976,273.0
Other Tapes,Value,1976,5.1
Vinyl Single,Units,1976,190.0
Vinyl Single,Value (Adjusted),1977,1034.018658
LP/EP,Value,1977,2195.1
LP/EP,Value (Adjusted),1977,9260.605292
Other Tapes,Units,1977,0.0
8 - Track,Value (Adjusted),1977,3421.416287
Vinyl Single,Value,1977,245.1
LP/EP,Units,1977,344.0
Cassette,Units,1977,36.9
Vinyl Single,Units,1977,190.0
Cassette,Value,1977,249.6
Cassette,Value (Adjusted),1977,1053.003089
8 - Track,Units,1977,127.3
8 - Track,Value,1977,811.0
8 - Track,Units,1978,133.6
8 - Track,Value,1978,948.0
LP/EP,Units,1978,341.3
Cassette,Value (Adjusted),1978,1763.71961
Cassette,Value,1978,449.8
Vinyl Single,Units,1978,190.0
Cassette,Units,1978,61.3
Vinyl Single,Value,1978,260.3
8 - Track,Value (Adjusted),1978,3717.221411
Other Tapes,Units,1978,0.0
LP/EP,Value (Adjusted),1978,9698.105186
LP/EP,Value,1978,2473.3
Vinyl Single,Value (Adjusted),1978,1020.66744
Cassette,Value (Adjusted),1979,2044.551711
Vinyl Single,Value (Adjusted),1979,1245.183405
LP/EP,Value,1979,2057.0
Cassette,Value,1979,580.6
Cassette,Units,1979,78.5
8 - Track,Value,1979,684.3
Vinyl Single,Units,1979,212.0
LP/EP,Units,1979,290.0
Other Tapes,Units,1979,0.0
8 - Track,Value (Adjusted),1979,2409.72569
LP/EP,Value (Adjusted),1979,7243.615
Vinyl Single,Value,1979,353.6
8 - Track,Units,1979,102.3
Vinyl Single,Units,1980,157.0
Cassette,Units,1980,99.0
8 - Track,Value (Adjusted),1980,1635.087852
Other Tapes,Units,1980,0.0
LP/EP,Units,1980,308.0
8 - Track,Units,1980,85.0
Vinyl Single,Value,1980,250.0
LP/EP,Value (Adjusted),1980,6825.793689
8 - Track,Value,1980,527.0
Cassette,Value,1980,705.0
Cassette,Value (Adjusted),1980,2187.356614
LP/EP,Value,1980,2200.0
Vinyl Single,Value (Adjusted),1980,775.6583737859999
8 - Track,Units,1981,50.0
Vinyl Single,Units,1981,154.7
Cassette,Units,1981,124.0
8 - Track,Value,1981,313.0
Cassette,Value,1981,1062.8
LP/EP,Value,1981,2341.7
Vinyl Single,Value (Adjusted),1981,721.127115512
LP/EP,Units,1981,295.2
Cassette,Value (Adjusted),1981,2989.133769
8 - Track,Value (Adjusted),1981,880.315082508
LP/EP,Value (Adjusted),1981,6586.050571
Vinyl Single,Value,1981,256.4
Other Tapes,Units,1981,0.0
Vinyl Single,Value,1982,283.0
8 - Track,Value (Adjusted),1982,95.374632124
LP/EP,Value (Adjusted),1982,5100.158453
Other Tapes,Units,1982,0.0
8 - Track,Units,1982,13.7
Cassette,Value,1982,1384.5
Cassette,Value (Adjusted),1982,3667.949394
Vinyl Single,Value (Adjusted),1982,749.750580311
LP/EP,Value,1982,1925.1
LP/EP,Units,1982,243.9
8 - Track,Value,1982,36.0
Vinyl Single,Units,1982,137.2
Cassette,Units,1982,183.2
Vinyl Single,Value (Adjusted),1983,691.249298193
Cassette,Units,1983,236.8
Cassette,Value (Adjusted),1983,4648.285756
Cassette,Value,1983,1810.9
Vinyl Single,Units,1983,124.8
LP/EP,Units,1983,209.6
LP/EP,Value,1983,1689.0
CD,Units,1983,0.8
CD,Value (Adjusted),1983,44.14960241
8 - Track,Units,1983,0.0
Other Tapes,Units,1983,0.0
LP/EP,Value (Adjusted),1983,4335.388283
Vinyl Single,Value,1983,269.3
CD,Value,1983,17.2
LP/EP,Units,1984,204.6
LP/EP,Value,1984,1548.8
CD,Units,1984,5.8
Vinyl Single,Value (Adjusted),1984,734.9831174209999
Cassette,Units,1984,332.0
Cassette,Value,1984,2383.9
Vinyl Single,Units,1984,131.5
Cassette,Value (Adjusted),1984,5865.839483
Other Tapes,Units,1984,0.0
LP/EP,Value (Adjusted),1984,3810.987118
Vinyl Single,Value,1984,298.7
CD,Value,1984,103.3
CD,Value (Adjusted),1984,254.180636189
8 - Track,Units,1984,0.0
LP/EP,Value (Adjusted),1985,3042.46086
CD,Value,1985,389.5
Cassette,Units,1985,339.1
Other Tapes,Units,1985,0.0
Vinyl Single,Value,1985,281.0
CD,Value (Adjusted),1985,925.449828067
Cassette,Value (Adjusted),1985,5729.710553
Cassette,Value,1985,2411.5
Vinyl Single,Units,1985,120.7
8 - Track,Units,1985,0.0
LP/EP,Units,1985,167.0
LP/EP,Value,1985,1280.5
Vinyl Single,Value (Adjusted),1985,667.654433086
CD,Units,1985,22.6
Cassette,Units,1986,344.5
Vinyl Single,Value,1986,228.1
Vinyl Single,Units,1986,93.9
8 - Track,Units,1986,0.0
CD,Value,1986,930.1
LP/EP,Value (Adjusted),1986,2292.982035
LP/EP,Units,1986,125.2
CD,Units,1986,53.0
Cassette,Value,1986,2499.5
Other Tapes,Units,1986,0.0
Vinyl Single,Value (Adjusted),1986,532.074468066
CD,Value (Adjusted),1986,2169.585545
LP/EP,Value,1986,983.0
Cassette,Value (Adjusted),1986,5830.425835
8 - Track,Units,1987,0.0
Cassette Single,Value (Adjusted),1987,32.182175176
CD,Value (Adjusted),1987,3586.399606
Cassette Single,Units,1987,5.1
Cassette,Units,1987,410.0
Vinyl Single,Units,1987,82.0
LP/EP,Value,1987,793.1
Vinyl Single,Value (Adjusted),1987,457.527007923
Cassette,Value (Adjusted),1987,6660.810061
Cassette,Value,1987,2959.7
Other Tapes,Units,1987,0.0
Cassette Single,Value,1987,14.3
CD,Units,1987,102.1
LP/EP,Value (Adjusted),1987,1784.872946
LP/EP,Units,1987,107.0
CD,Value,1987,1593.6
Vinyl Single,Value,1987,203.3
Vinyl Single,Value,1988,180.4
Vinyl Single,Value (Adjusted),1988,389.860716822
LP/EP,Value (Adjusted),1988,1150.132336
CD,Value,1988,2089.9
CD,Units,1988,149.7
CD Single,Units,1988,1.6
CD Single,Value (Adjusted),1988,21.178686391
Cassette Single,Value,1988,57.3
LP/EP,Value,1988,532.2
Cassette,Value (Adjusted),1988,7315.507276
Cassette,Value,1988,3385.1
Other Tapes,Units,1988,0.0
CD,Value (Adjusted),1988,4516.462927
Cassette Single,Value (Adjusted),1988,123.830482671
8 - Track,Units,1988,0.0
LP/EP,Units,1988,72.4
Cassette,Units,1988,450.1
Vinyl Single,Units,1988,65.6
CD Single,Value,1988,9.8
Cassette Single,Units,1988,22.5
CD,Value (Adjusted),1989,5335.190475
Cassette Single,Value (Adjusted),1989,401.21655
8 - Track,Units,1989,0.0
Cassette,Value,1989,3345.8
Cassette,Value (Adjusted),1989,6898.20315
Music Video (Physical),Units,1989,6.1
Other Tapes,Units,1989,0.0
Cassette,Units,1989,446.2
Cassette Single,Units,1989,76.2
Vinyl Single,Units,1989,36.6
CD Single,Value,1989,-0.7
Music Video (Physical),Value (Adjusted),1989,237.92595
Music Video (Physical),Value,1989,115.4
LP/EP,Value (Adjusted),1989,454.203525
Cassette Single,Value,1989,194.6
LP/EP,Value,1989,220.3
CD Single,Units,1989,-0.1
CD Single,Value (Adjusted),1989,-1.443225
CD,Value,1989,2587.7
Vinyl Single,Value (Adjusted),1989,239.9877
CD,Units,1989,207.2
LP/EP,Units,1989,34.6
Vinyl Single,Value,1989,116.4
Vinyl Single,Units,1990,27.6
8 - Track,Units,1990,0.0
Cassette,Value (Adjusted),1990,6792.221628
LP/EP,Value,1990,86.5
Cassette,Value,1990,3472.4
CD Single,Value (Adjusted),1990,11.736358072
Music Video (Physical),Units,1990,9.2
Other Tapes,Units,1990,0.0
CD,Value,1990,3451.6
Vinyl Single,Value,1990,94.4
Cassette Single,Value,1990,257.9
LP/EP,Value (Adjusted),1990,169.199162204
CD Single,Units,1990,1.1
CD,Value (Adjusted),1990,6751.535587
Music Video (Physical),Value,1990,172.3
CD,Units,1990,286.5
LP/EP,Units,1990,11.7
Vinyl Single,Value (Adjusted),1990,184.652033665
CD Single,Value,1990,6.0
Cassette Single,Units,1990,87.4
Music Video (Physical),Value (Adjusted),1990,337.029082632
Cassette Single,Value (Adjusted),1990,504.467791125
Cassette,Units,1990,442.2
CD,Units,1991,333.3
Vinyl Single,Value,1991,63.9
Cassette,Units,1991,360.1
Cassette Single,Value (Adjusted),1991,432.477039648
Music Video (Physical),Value (Adjusted),1991,221.682024229
Vinyl Single,Units,1991,22.0
CD Single,Value,1991,35.1
8 - Track,Units,1991,0.0
Cassette,Value (Adjusted),1991,5668.002035
Cassette,Value,1991,3019.6
Cassette Single,Units,1991,69.0
CD Single,Value (Adjusted),1991,65.885174009
Other Tapes,Units,1991,0.0
CD Single,Units,1991,5.7
Music Video (Physical),Value,1991,118.1
LP/EP,Value (Adjusted),1991,55.185872247
CD,Value (Adjusted),1991,8142.168641
Cassette Single,Value,1991,230.4
Music Video (Physical),Units,1991,6.1
LP/EP,Value,1991,29.4
Vinyl Single,Value (Adjusted),1991,119.944803965
LP/EP,Units,1991,4.8
CD,Value,1991,4337.7
Vinyl Single,Value (Adjusted),1992,120.995187455
Cassette Single,Value (Adjusted),1992,544.47834355
Cassette,Units,1992,366.4
Cassette,Value (Adjusted),1992,5678.573835
Music Video (Physical),Value (Adjusted),1992,286.816905203
CD Single,Value,1992,45.1
Vinyl Single,Units,1992,19.8
Music Video (Physical),Value,1992,157.4
Cassette Single,Units,1992,84.6
CD Single,Units,1992,7.3
CD Single,Value (Adjusted),1992,82.18197220199998
LP/EP,Units,1992,2.3
CD,Units,1992,407.5
Other Tapes,Units,1992,0.0
CD,Value,1992,5326.5
8 - Track,Units,1992,0.0
Vinyl Single,Value,1992,66.4
CD,Value (Adjusted),1992,9706.037138
Cassette Single,Value,1992,298.8
LP/EP,Value (Adjusted),1992,24.59992516
Cassette,Value,1992,3116.3
Music Video (Physical),Units,1992,7.6
LP/EP,Value,1992,13.5
CD,Value (Adjusted),1993,11520.311348
LP/EP,Value,1993,10.6
Cassette Single,Units,1993,85.6
Music Video (Physical),Value,1993,213.3
CD Single,Value (Adjusted),1993,81.031768858
LP/EP,Value (Adjusted),1993,18.754077509
CD,Value,1993,6511.4
Other Tapes,Units,1993,0.0
Vinyl Single,Value (Adjusted),1993,90.585732872
LP/EP,Units,1993,1.2
8 - Track,Units,1993,0.0
CD,Units,1993,495.4
Vinyl Single,Value,1993,51.2
Cassette,Value,1993,2915.8
Cassette Single,Value (Adjusted),1993,528.121899654
Music Video (Physical),Value (Adjusted),1993,377.381578547
CD Single,Value,1993,45.8
Cassette Single,Value,1993,298.5
Vinyl Single,Units,1993,15.1
Music Video (Physical),Units,1993,11.0
CD Single,Units,1993,7.8
Cassette,Value (Adjusted),1993,5158.786717
Cassette,Units,1993,339.5
Vinyl Single,Value (Adjusted),1994,81.42382186199998
CD,Value,1994,8464.5
LP/EP,Units,1994,1.9
Other Tapes,Units,1994,0.0
LP/EP,Value (Adjusted),1994,30.706441296
CD Single,Value (Adjusted),1994,96.77704251
Music Video (Physical),Value,1994,231.1
CD,Units,1994,662.1
Cassette Single,Units,1994,81.09999999999998
8 - Track,Units,1994,0.0
CD Single,Value,1994,56.1
CD,Value (Adjusted),1994,14601.947885
Cassette,Value,1994,2976.4
Vinyl Single,Value,1994,47.2
Vinyl Single,Units,1994,11.7
Cassette,Value (Adjusted),1994,5134.531004
Music Video (Physical),Value (Adjusted),1994,398.666212551
Cassette,Units,1994,345.4
CD Single,Units,1994,9.3
Cassette Single,Value (Adjusted),1994,474.224759109
Cassette Single,Value,1994,274.9
Music Video (Physical),Units,1994,11.2
LP/EP,Value,1994,17.8
LP/EP,Value,1995,25.1
Cassette Single,Value,1995,236.3
Cassette,Value (Adjusted),1995,3864.379693
Music Video (Physical),Units,1995,12.6
Cassette Single,Value (Adjusted),1995,396.40255315
CD Single,Units,1995,21.5
Vinyl Single,Units,1995,10.2
Vinyl Single,Value,1995,46.7
CD Single,Value,1995,110.9
CD Single,Value (Adjusted),1995,186.039116142
CD,Value (Adjusted),1995,15730.957689
Music Video (Physical),Value,1995,220.3
8 - Track,Units,1995,0.0
CD,Units,1995,722.9
Cassette,Value,1995,2303.6
Cassette Single,Units,1995,70.7
Other Tapes,Units,1995,0.0
LP/EP,Value (Adjusted),1995,42.106238189
LP/EP,Units,1995,2.2
CD,Value,1995,9377.4
Vinyl Single,Value (Adjusted),1995,78.341088583
Music Video (Physical),Value (Adjusted),1995,369.561923228
Cassette,Units,1995,272.6
Vinyl Single,Value (Adjusted),1996,77.397753346
Cassette,Units,1996,225.3
LP/EP,Units,1996,2.9
Music Video (Physical),Value (Adjusted),1996,384.70756979
LP/EP,Value (Adjusted),1996,59.962891013
8 - Track,Units,1996,0.0
CD,Units,1996,778.9
Music Video (Physical),Value,1996,236.1
Cassette Single,Units,1996,59.9
Other Tapes,Units,1996,0.0
Music Video (Physical),Units,1996,16.9
CD Single,Value (Adjusted),1996,299.977397706
CD Single,Value,1996,184.1
Vinyl Single,Value,1996,47.5
Cassette,Value,1996,1905.3
Vinyl Single,Units,1996,10.1
CD,Value,1996,9934.7
CD Single,Units,1996,43.2
Cassette Single,Value (Adjusted),1996,308.450414914
Cassette,Value (Adjusted),1996,3104.546094
CD,Value (Adjusted),1996,16187.862319
Cassette Single,Value,1996,189.3
LP/EP,Value,1996,36.8
Music Video (Physical),Units,1997,18.6
Cassette,Value,1997,1522.7
CD Single,Value,1997,272.7
CD Single,Value (Adjusted),1997,434.377968224
Vinyl Single,Value,1997,35.6
LP/EP,Units,1997,2.7
Vinyl Single,Value (Adjusted),1997,56.706474766
Cassette,Units,1997,172.6
Music Video (Physical),Value,1997,323.9
CD,Units,1997,753.1
Other Tapes,Units,1997,0.0
Cassette Single,Units,1997,42.2
8 - Track,Units,1997,0.0
LP/EP,Value (Adjusted),1997,53.042854206
Cassette Single,Value (Adjusted),1997,212.649280374
Cassette,Value (Adjusted),1997,2425.476099
LP/EP,Value,1997,33.3
CD,Value (Adjusted),1997,15793.549662
CD Single,Units,1997,66.7
Vinyl Single,Units,1997,7.5
CD,Value,1997,9915.1
Cassette Single,Value,1997,133.5
Music Video (Physical),Value (Adjusted),1997,515.933347664
Cassette,Units,1998,158.5
Cassette Single,Units,1998,26.4
Music Video (Physical),Value (Adjusted),1998,796.7715092019998
Vinyl Single,Units,1998,5.4
LP/EP,Units,1998,3.4
Other Tapes,Units,1998,0.0
Music Video (Physical),Units,1998,27.2
LP/EP,Value (Adjusted),1998,53.327226994
8 - Track,Units,1998,0.0
Vinyl Single,Value (Adjusted),1998,40.309109816
CD Single,Value (Adjusted),1998,334.393082209
Cassette Single,Value,1998,94.4
CD,Value (Adjusted),1998,17905.400687
Vinyl Single,Value,1998,25.7
CD Single,Units,1998,56.0
CD,Units,1998,847.0
Cassette Single,Value (Adjusted),1998,148.061477301
Cassette,Value (Adjusted),1998,2227.039106
CD Single,Value,1998,213.2
Cassette,Value,1998,1419.9
LP/EP,Value,1998,34.0
CD,Value,1998,11416.0
Music Video (Physical),Value,1998,508.0
Music Video (Physical),Value,1999,376.7
Cassette Single,Value (Adjusted),1999,73.658679472
CD,Value,1999,12816.3
Cassette,Value,1999,1061.6
CD Single,Value (Adjusted),1999,341.285214886
LP/EP,Value,1999,31.8
Cassette,Value (Adjusted),1999,1629.084461
CD Single,Value,1999,222.4
CD Single,Units,1999,55.9
CD,Units,1999,938.9
CD,Value (Adjusted),1999,19667.327786
Vinyl Single,Value,1999,27.9
Cassette Single,Value,1999,48.0
Cassette,Units,1999,123.6
Music Video (Physical),Units,1999,19.8
Other Tapes,Units,1999,0.0
LP/EP,Value (Adjusted),1999,48.79887515
8 - Track,Units,1999,0.0
LP/EP,Units,1999,2.9
Vinyl Single,Units,1999,5.3
Music Video (Physical),Value (Adjusted),1999,578.067178271
Cassette Single,Units,1999,14.2
Vinyl Single,Value (Adjusted),1999,42.814107443
Vinyl Single,Units,2000,4.8
CD,Units,2000,942.5
CD Single,Units,2000,34.2
Vinyl Single,Value (Adjusted),2000,39.046336237
Cassette Single,Value,2000,4.6
CD,Value (Adjusted),2000,19618.928145
Vinyl Single,Value,2000,26.3
CD,Value,2000,13214.5
Cassette Single,Value (Adjusted),2000,6.829397213
Music Video (Physical),Value,2000,281.9
LP/EP,Value,2000,27.7
Cassette,Value (Adjusted),2000,929.391881533
CD Single,Value,2000,142.7
Cassette,Value,2000,626.0
CD Single,Value (Adjusted),2000,211.859778746
Music Video (Physical),Units,2000,18.2
LP/EP,Value (Adjusted),2000,41.124848432
8 - Track,Units,2000,0.0
Other Tapes,Units,2000,0.0
LP/EP,Units,2000,2.2
Cassette Single,Units,2000,1.3
Music Video (Physical),Value (Adjusted),2000,418.523277003
Cassette,Units,2000,76.0
Cassette,Units,2001,45.0
Vinyl Single,Units,2001,5.5
LP/EP,Units,2001,2.3
Music Video (Physical),Value (Adjusted),2001,475.224643704
Cassette Single,Units,2001,-1.5
8 - Track,Units,2001,0.0
Other Tapes,Units,2001,0.0
LP/EP,Value (Adjusted),2001,39.5539345
Music Video (Physical),Units,2001,17.7
DVD Audio,Units,2001,0.263
CD Single,Value (Adjusted),2001,114.619795596
Cassette,Value,2001,363.4
CD Single,Value,2001,79.4
LP/EP,Value,2001,27.4
CD,Value,2001,12909.4
Cassette,Value (Adjusted),2001,524.594883117
DVD Audio,Value (Adjusted),2001,8.661445511
Music Video (Physical),Value,2001,329.2
Cassette Single,Value (Adjusted),2001,-7.650943534999999
Vinyl Single,Value,2001,31.4
DVD Audio,Value,2001,6.0
Cassette Single,Value,2001,-5.3
CD,Value (Adjusted),2001,18635.677447
CD Single,Units,2001,17.3
CD,Units,2001,881.9
Vinyl Single,Value (Adjusted),2001,45.328231508
Music Video (Physical),Value,2002,288.4
CD Single,Units,2002,4.5
CD,Units,2002,803.3
Vinyl Single,Value (Adjusted),2002,35.385543635
Vinyl Single,Units,2002,4.4
Music Video (Physical),Value (Adjusted),2002,409.847019455
LP/EP,Units,2002,1.743
Vinyl Single,Value,2002,24.9
Cassette Single,Value,2002,-1.6
8 - Track,Units,2002,0.0
CD,Value (Adjusted),2002,17115.944823
DVD Audio,Value (Adjusted),2002,12.079402446
DVD Audio,Value,2002,8.5
CD Single,Value,2002,19.6
CD,Value,2002,12044.1
Cassette,Value (Adjusted),2002,298.148074486
Cassette,Units,2002,31.1
Cassette Single,Units,2002,-0.5
DVD Audio,Units,2002,0.43
CD Single,Value (Adjusted),2002,27.853680934
Cassette Single,Value (Adjusted),2002,-2.273769872
LP/EP,Value (Adjusted),2002,29.132676487
Cassette,Value,2002,209.8
LP/EP,Value,2002,20.5
Music Video (Physical),Units,2002,14.7
Other Tapes,Units,2002,0.0
LP/EP,Value (Adjusted),2003,30.150852717
Other Tapes,Units,2003,0.0
Music Video (Physical),Units,2003,19.9
SACD,Value,2003,26.3
Cassette,Value,2003,108.1
CD Single,Value (Adjusted),2003,50.019847826
LP/EP,Value,2003,21.7
DVD Audio,Units,2003,0.4
CD,Units,2003,746.0
CD Single,Units,2003,8.3
SACD,Units,2003,1.3
CD,Value,2003,11232.9
Cassette,Value (Adjusted),2003,150.1984875
CD Single,Value,2003,36.0
Vinyl Single,Value,2003,21.5
CD,Value (Adjusted),2003,15607.443018
DVD Audio,Value (Adjusted),2003,11.115521739
DVD Audio,Value,2003,8.0
8 - Track,Units,2003,0.0
Music Video (Physical),Value (Adjusted),2003,555.637142935
Vinyl Single,Units,2003,3.8
LP/EP,Units,2003,1.5
Music Video (Physical),Value,2003,399.9
SACD,Value (Adjusted),2003,36.542277717
Vinyl Single,Value (Adjusted),2003,29.872964674
Cassette,Units,2003,17.2
Cassette Single,Units,2003,0.0
CD,Units,2004,767.0
CD Single,Units,2004,3.1
Vinyl Single,Value (Adjusted),2004,26.93263261
CD,Value,2004,11446.5
LP/EP,Value,2004,19.3
SACD,Units,2004,0.8
Cassette,Value (Adjusted),2004,32.07554738
Download Single,Value (Adjusted),2004,186.769010058
Music Video (Physical),Units,2004,32.8
Other Tapes,Units,2004,0.0
SACD,Value,2004,16.6
LP/EP,Value (Adjusted),2004,26.120593436
SoundExchange Distributions,Value,2004,6.9
Cassette,Value,2004,23.7
CD Single,Value (Adjusted),2004,20.300979354
DVD Audio,Units,2004,0.3
Download Single,Units,2004,139.4
CD Single,Value,2004,15.0
Vinyl Single,Value,2004,19.9
SACD,Value (Adjusted),2004,22.466417152
Cassette,Units,2004,5.2
Download Album,Value,2004,45.5
Music Video (Physical),Value,2004,607.2
Download Single,Value,2004,138.0
Download Album,Value (Adjusted),2004,61.579637374
Cassette Single,Units,2004,0.0
CD,Value (Adjusted),2004,15491.677345
DVD Audio,Value (Adjusted),2004,8.797091053
DVD Audio,Value,2004,6.5
LP/EP,Units,2004,1.4
SoundExchange Distributions,Value (Adjusted),2004,9.338450503
Music Video (Physical),Value (Adjusted),2004,821.783644256
Download Album,Units,2004,4.6
8 - Track,Units,2004,0.0
Vinyl Single,Units,2004,3.5
8 - Track,Units,2005,0.0
CD,Value (Adjusted),2005,13771.442762
Download Album,Units,2005,13.6
Paid Subscriptions,Units,2005,1.3
Ringtones & Ringbacks,Units,2005,170.0
Vinyl Single,Units,2005,2.3
SoundExchange Distributions,Value (Adjusted),2005,26.704571429
Kiosk,Units,2005,0.7
DVD Audio,Value,2005,11.2
Kiosk,Value,2005,1.0
DVD Audio,Value (Adjusted),2005,14.661333333
Paid Subscription,Value (Adjusted),2005,195.309904762
Download Single,Value,2005,363.3
Download Album,Value (Adjusted),2005,177.637761905
Ringtones & Ringbacks,Value (Adjusted),2005,551.89447619
Cassette,Units,2005,2.5
Download Music Video,Units,2005,1.9
Music Video (Physical),Value,2005,602.2
Music Video (Physical),Value (Adjusted),2005,788.3084761899999
Vinyl Single,Value,2005,13.2
Cassette Single,Units,2005,0.0
Download Album,Value,2005,135.7
LP/EP,Units,2005,1.0
SACD,Value (Adjusted),2005,13.09047619
SoundExchange Distributions,Value,2005,20.4
Kiosk,Value (Adjusted),2005,1.309047619
Paid Subscriptions,Units,2005,1.3
CD Single,Value (Adjusted),2005,14.268619048
Cassette,Value,2005,13.1
Download Music Video,Value (Adjusted),2005,4.84347619
Paid Subscription,Value,2005,149.2
LP/EP,Value (Adjusted),2005,18.58847619
SACD,Value,2005,10.0
Other Tapes,Units,2005,0.0
CD,Value,2005,10520.2
Cassette,Value (Adjusted),2005,17.14852381
Ringtones & Ringbacks,Value,2005,421.6
CD Single,Value,2005,10.9
Music Video (Physical),Units,2005,33.8
LP/EP,Value,2005,14.2
DVD Audio,Units,2005,0.5
Download Single,Value (Adjusted),2005,475.577
Download Music Video,Value,2005,3.7
SACD,Units,2005,0.5
Download Single,Units,2005,366.9
CD Single,Units,2005,2.8
Vinyl Single,Value (Adjusted),2005,17.279428571
CD,Units,2005,705.4
CD,Units,2006,619.7
CD Single,Units,2006,1.7
Vinyl Single,Value (Adjusted),2006,12.554584821
DVD Audio,Units,2006,0.1
SACD,Units,2006,0.3
LP/EP,Value,2006,15.7
Download Music Video,Value,2006,19.7
Download Single,Value (Adjusted),2006,736.282014881
CD Single,Value,2006,7.7
Music Video (Physical),Units,2006,23.2
Download Single,Units,2006,586.4
Ringtones & Ringbacks,Value,2006,773.8
Cassette,Value (Adjusted),2006,4.69211756
CD,Value,2006,9372.6
Kiosk,Value,2006,1.9
8 - Track,Units,2006,0.0
Paid Subscriptions,Units,2006,1.7
LP/EP,Value (Adjusted),2006,19.909796131
Download Music Video,Value (Adjusted),2006,24.982355655
Other Tapes,Units,2006,0.0
Paid Subscriptions,Units,2006,1.7
SoundExchange Distributions,Value,2006,32.8
CD Single,Value (Adjusted),2006,9.764677083
Cassette,Value,2006,3.7
Kiosk,Value (Adjusted),2006,2.409465774
Music Video (Physical),Value (Adjusted),2006,572.057900298
Cassette Single,Units,2006,0.0
Download Album,Value,2006,275.9
SACD,Value,2006,5.5
Ringtones & Ringbacks,Units,2006,315.0
Music Video (Physical),Value,2006,451.1
Download Music Video,Units,2006,9.9
Ringtones & Ringbacks,Value (Adjusted),2006,981.286639881
Cassette,Units,2006,0.7
Download Single,Value,2006,580.6
Download Album,Value (Adjusted),2006,349.879793155
Vinyl Single,Value,2006,9.9
Paid Subscription,Value (Adjusted),2006,261.490443452
Vinyl Single,Units,2006,1.5
SoundExchange Distributions,Value (Adjusted),2006,41.594988095
DVD Audio,Value (Adjusted),2006,3.043535714
Kiosk,Units,2006,1.4
LP/EP,Units,2006,0.9
SACD,Value (Adjusted),2006,6.974769345
Download Album,Units,2006,27.6
DVD Audio,Value,2006,2.4
CD,Value (Adjusted),2006,11885.767848
Paid Subscription,Value,2006,206.2
Download Music Video,Value (Adjusted),2007,34.778231548
8 - Track,Units,2007,0.0
Kiosk,Value,2007,2.6
LP/EP,Value (Adjusted),2007,28.24189725
Paid Subscriptions,Units,2007,1.8
Other Tapes,Units,2007,0.0
CD Single,Value (Adjusted),2007,15.045901592
Kiosk,Value (Adjusted),2007,3.206503618
Music Video (Physical),Units,2007,27.5
Cassette,Value,2007,3.0
Paid Subscriptions,Units,2007,1.8
SoundExchange Distributions,Value,2007,36.2
CD,Value,2007,7452.3
SACD,Units,2007,0.2
Download Music Video,Value,2007,28.2
LP/EP,Value,2007,22.9
CD,Units,2007,499.7
Vinyl Single,Value (Adjusted),2007,4.933082489
CD Single,Units,2007,2.6
Ringtones & Ringbacks,Value,2007,1055.8
Cassette,Value (Adjusted),2007,3.699811867
Download Single,Units,2007,819.4
Download Single,Value (Adjusted),2007,1000.182475
CD Single,Value,2007,12.2
DVD Audio,Units,2007,0.2
SACD,Value (Adjusted),2007,4.43977424
DVD Audio,Value,2007,2.8
Download Album,Units,2007,49.8
LP/EP,Units,2007,1.3
Vinyl Single,Units,2007,0.6
Kiosk,Units,2007,1.8
DVD Audio,Value (Adjusted),2007,3.453157742
SoundExchange Distributions,Value (Adjusted),2007,44.644396527
CD,Value (Adjusted),2007,9190.702658
Paid Subscription,Value,2007,234.0
Ringtones & Ringbacks,Units,2007,433.8
SACD,Value,2007,3.6
Music Video (Physical),Value,2007,484.9
Music Video (Physical),Value (Adjusted),2007,598.012924747
Download Album,Value,2007,497.4
Cassette Single,Units,2007,0.0
Download Music Video,Units,2007,14.2
Download Album,Value (Adjusted),2007,613.428807525
Download Single,Value,2007,811.0
Paid Subscription,Value (Adjusted),2007,288.585325615
Vinyl Single,Value,2007,4.0
Ringtones & Ringbacks,Value (Adjusted),2007,1302.087123
Cassette,Units,2007,0.4
Download Music Video,Units,2008,20.8
Download Album,Value (Adjusted),2008,754.37356702
Download Single,Value,2008,1032.2
Music Video (Physical),Value,2008,227.3
Download Album,Value,2008,635.3
Cassette,Units,2008,0.1
Vinyl Single,Value,2008,2.9
SACD,Value (Adjusted),2008,3.681029526
Ringtones & Ringbacks,Units,2008,405.1
Ringtones & Ringbacks,Value,2008,977.1
SACD,Value,2008,3.1
Paid Subscription,Value (Adjusted),2008,262.896753877
Cassette Single,Units,2008,0.0
LP/EP,Units,2008,2.9
DVD Audio,Value,2008,1.2
Vinyl Single,Units,2008,0.4
SoundExchange Distributions,Value (Adjusted),2008,118.74288793
CD,Value (Adjusted),2008,6496.779627
Download Album,Units,2008,63.6
DVD Audio,Value (Adjusted),2008,1.424914655
Kiosk,Units,2008,1.6
Music Video (Physical),Value (Adjusted),2008,269.902584265
Cassette,Value (Adjusted),2008,1.068685991
SACD,Units,2008,0.1
CD Single,Value,2008,3.5
Cassette,Value,2008,0.9
CD,Value,2008,5471.3
DVD Audio,Units,2008,0.04
LP/EP,Value,2008,56.7
Download Single,Value (Adjusted),2008,1225.664089
Vinyl Single,Value (Adjusted),2008,3.44354375
Ringtones & Ringbacks,Value (Adjusted),2008,1160.236758
Download Music Video,Value,2008,41.3
CD Single,Units,2008,0.7
CD,Units,2008,368.4
Music Video (Physical),Units,2008,13.2
LP/EP,Value (Adjusted),2008,67.327217456
SoundExchange Distributions,Value,2008,100.0
Download Single,Units,2008,1042.7
Paid Subscriptions,Units,2008,1.6
Kiosk,Value (Adjusted),2008,3.087315086
8 - Track,Units,2008,0.0
CD Single,Value (Adjusted),2008,4.156001078
Other Tapes,Units,2008,0.0
Download Music Video,Value (Adjusted),2008,49.040812715
Kiosk,Value,2008,2.6
Paid Subscriptions,Units,2008,1.6
Paid Subscription,Value,2008,221.4
Paid Subscription,Value (Adjusted),2009,245.722059132
CD,Value (Adjusted),2009,5146.57822
Download Album,Units,2009,74.5
Ringtones & Ringbacks,Units,2009,294.3
Vinyl Single,Units,2009,0.3
SoundExchange Distributions,Value (Adjusted),2009,185.304462633
DVD Audio,Value (Adjusted),2009,1.906669712
Kiosk,Units,2009,1.7
Download Music Video,Value (Adjusted),2009,48.739244513
DVD Audio,Value,2009,1.6
Synchronization,Value (Adjusted),2009,239.763716282
LP/EP,Units,2009,3.5
Synchronization,Value,2009,201.2
Cassette,Units,2009,0.0
Download Album,Value (Adjusted),2009,886.958916644
Download Music Video,Units,2009,20.5
Music Video (Physical),Value,2009,209.6
Download Single,Value,2009,1172.0
SACD,Value,2009,2.4
Ringtones & Ringbacks,Value,2009,702.8
Vinyl Single,Value,2009,2.5
SACD,Value (Adjusted),2009,2.860004568
Music Video (Physical),Value (Adjusted),2009,249.77373227
Download Album,Value,2009,744.3
Cassette Single,Units,2009,0.0
CD Single,Value,2009,3.1
CD Single,Value (Adjusted),2009,3.694172567
LP/EP,Value (Adjusted),2009,76.028454765
SoundExchange Distributions,Value,2009,155.5
Music Video (Physical),Units,2009,11.6
Kiosk,Value (Adjusted),2009,7.507511991
Paid Subscriptions,Units,2009,1.2
Kiosk,Value,2009,6.3
Paid Subscription,Value,2009,206.2
8 - Track,Units,2009,0.0
Other Tapes,Units,2009,0.0
Download Single,Units,2009,1124.4
DVD Audio,Units,2009,0.1
Download Single,Value (Adjusted),2009,1396.635564
LP/EP,Value,2009,63.8
CD,Value,2009,4318.8
Cassette,Value,2009,0.0
Paid Subscriptions,Units,2009,1.2
CD,Units,2009,296.6
SACD,Units,2009,0.1
Ringtones & Ringbacks,Value (Adjusted),2009,837.504670989
Vinyl Single,Value (Adjusted),2009,2.979171425
CD Single,Units,2009,0.9
Download Music Video,Value,2009,40.9
Download Music Video,Value,2010,36.6
Cassette,Units,2010,0.0
Ringtones & Ringbacks,Value (Adjusted),2010,525.251935283
CD Single,Units,2010,1.0
SACD,Units,2010,0.1
CD,Units,2010,253.0
Vinyl Single,Value (Adjusted),2010,2.696605918
CD Single,Value,2010,2.9
CD Single,Value (Adjusted),2010,3.400068331
LP/EP,Value,2010,88.9
CD,Value,2010,3389.4
DVD Audio,Units,2010,0.04
Paid Subscriptions,Units,2010,1.5
8 - Track,Units,2010,0.0
Paid Subscriptions,Units,2010,1.5
Kiosk,Value,2010,6.4
Paid Subscription,Value,2010,212.4
SoundExchange Distributions,Value,2010,249.2
Other Tapes,Units,2010,0.0
LP/EP,Value (Adjusted),2010,104.229680908
Download Single,Value (Adjusted),2010,1566.845282
Download Single,Units,2010,1177.4
Kiosk,Value (Adjusted),2010,7.503599075
Music Video (Physical),Units,2010,9.1
Music Video (Physical),Value (Adjusted),2010,208.224874344
SACD,Value (Adjusted),2010,1.993143504
Vinyl Single,Value,2010,2.3
SACD,Value,2010,1.7
Download Music Video,Units,2010,18.4
Cassette Single,Units,2010,0.0
Synchronization,Value,2010,188.7
Download Single,Value,2010,1336.4
Music Video (Physical),Value,2010,177.6
Download Album,Value (Adjusted),2010,1022.834349
Download Album,Value,2010,872.4
Ringtones & Ringbacks,Value,2010,448.0
Download Music Video,Value (Adjusted),2010,42.911207213
Download Album,Units,2010,85.8
SoundExchange Distributions,Value (Adjusted),2010,292.171389001
Vinyl Single,Units,2010,0.3
DVD Audio,Value,2010,0.9
Synchronization,Value (Adjusted),2010,221.238928991
LP/EP,Units,2010,4.2
DVD Audio,Value (Adjusted),2010,1.05519362
Kiosk,Units,2010,1.7
Ringtones & Ringbacks,Units,2010,188.5
CD,Value (Adjusted),2010,3973.859173
Paid Subscription,Value (Adjusted),2010,249.025694317
Download Album,Value (Adjusted),2011,1217.03002
DVD Audio,Value,2011,0.3
LP/EP,Units,2011,5.5
Paid Subscription,Value (Adjusted),2011,281.639931715
Ringtones & Ringbacks,Units,2011,115.4
Vinyl Single,Units,2011,0.4
CD,Value (Adjusted),2011,3524.136143
SoundExchange Distributions,Value (Adjusted),2011,331.875948591
Kiosk,Units,2011,1.3
Download Album,Units,2011,103.9
SACD,Value (Adjusted),2011,1.704842202
Download Music Video,Units,2011,16.3
CD Single,Units,2011,1.3
Ringtones & Ringbacks,Value,2011,276.2
On-Demand Streaming (Ad-Supported),Value (Adjusted),2011,129.340695033
Download Single,Value,2011,1522.4
Cassette Single,Units,2011,0.0
Synchronization,Value,2011,196.5
Vinyl Single,Value,2011,4.6
Music Video (Physical),Value (Adjusted),2011,171.620781634
SACD,Value,2011,1.5
DVD Audio,Value (Adjusted),2011,0.3409684399999999
Download Album,Value,2011,1070.8
Download Music Video,Value (Adjusted),2011,36.824591556
Music Video (Physical),Value,2011,151.0
CD Single,Value (Adjusted),2011,3.977965137
SoundExchange Distributions,Value,2011,292.0
Other Tapes,Units,2011,0.0
Download Single,Units,2011,1332.3
Kiosk,Value,2011,2.7
On-Demand Streaming (Ad-Supported),Value,2011,113.8
Synchronization,Value (Adjusted),2011,223.334328418
Paid Subscription,Value,2011,247.8
Paid Subscriptions,Units,2011,1.8
LP/EP,Value (Adjusted),2011,135.705439252
8 - Track,Units,2011,0.0
Music Video (Physical),Units,2011,7.7
DVD Audio,Units,2011,0.01
CD Single,Value,2011,3.5
LP/EP,Value,2011,119.4
Kiosk,Value (Adjusted),2011,3.068715963
Paid Subscriptions,Units,2011,1.8
SACD,Units,2011,0.1
Vinyl Single,Value (Adjusted),2011,5.228182752
CD,Value,2011,3100.7
CD,Units,2011,240.8
Cassette,Units,2011,0.0
Ringtones & Ringbacks,Value (Adjusted),2011,313.9182774
Download Music Video,Value,2011,32.4
Download Single,Value (Adjusted),2011,1730.301179
Download Album,Value,2012,1204.822243
Download Single,Value,2012,1644.570645
Synchronization,Value,2012,190.597753
Music Video (Physical),Value,2012,116.613654602
On-Demand Streaming (Ad-Supported),Value (Adjusted),2012,190.339615647
CD Single,Units,2012,1.072870407
SACD,Value (Adjusted),2012,1.494897613
Vinyl Single,Value,2012,4.743055893
DVD Audio,Value (Adjusted),2012,0.2038928899999999
Music Video (Physical),Value (Adjusted),2012,129.85137719
SACD,Value,2012,1.3425
Download Music Video,Units,2012,10.473489
Download Album,Value (Adjusted),2012,1341.590983
Ringtones & Ringbacks,Value,2012,145.992935111
Download Music Video,Value (Adjusted),2012,23.208206935
Synchronization,Value (Adjusted),2012,212.233985813
Ringtones & Ringbacks,Units,2012,58.757403556
Paid Subscription,Value (Adjusted),2012,445.276306223
DVD Audio,Value,2012,0.183106992
Download Album,Units,2012,116.733631841
SoundExchange Distributions,Value (Adjusted),2012,514.445211983
LP/EP,Units,2012,6.915365189
Kiosk,Units,2012,1.95507
Vinyl Single,Units,2012,0.388573687
Paid Subscriptions,Units,2012,3.4
Download Single,Units,2012,1402.739373
Kiosk,Value (Adjusted),2012,4.068866328
CD Single,Value,2012,3.225092945
DVD Audio,Units,2012,0.008533145
CD,Units,2012,198.164387234
Download Music Video,Value,2012,20.842242
CD,Value,2012,2485.614699
Download Single,Value (Adjusted),2012,1831.258646
SACD,Units,2012,0.065446
Vinyl Single,Value (Adjusted),2012,5.281477044
LP/EP,Value,2012,160.723058291
Ringtones & Ringbacks,Value (Adjusted),2012,162.565728249
SoundExchange Distributions,Value,2012,462.0
CD Single,Value (Adjusted),2012,3.59119832
Kiosk,Value,2012,3.654065
On-Demand Streaming (Ad-Supported),Value,2012,170.935408437
LP/EP,Value (Adjusted),2012,178.967982236
Paid Subscription,Value,2012,399.88253109
CD,Value (Adjusted),2012,2767.776149
Paid Subscriptions,Units,2012,3.36
Music Video (Physical),Units,2012,6.032725467
CD,Value (Adjusted),2013,2349.534897
Paid Subscriptions,Units,2013,6.16
LP/EP,Value (Adjusted),2013,231.274070194
Music Video (Physical),Units,2013,4.814626524
Download Single,Units,2013,1332.795366
On-Demand Streaming (Ad-Supported),Value,2013,220.873544491
Paid Subscriptions,Units,2013,6.2
Ringtones & Ringbacks,Value (Adjusted),2013,107.548976379
Kiosk,Value,2013,6.183604
SoundExchange Distributions,Value,2013,590.4
CD Single,Value (Adjusted),2013,2.684056894
Download Single,Value (Adjusted),2013,1726.739156
SACD,Units,2013,0.044683
Vinyl Single,Value (Adjusted),2013,3.269213385
Download Music Video,Value,2013,16.740803
Synchronization,Value,2013,189.679434
CD,Units,2013,173.793302906
CD,Value,2013,2140.917718
DVD Audio,Units,2013,-0.054735168
CD Single,Value,2013,2.445737226
LP/EP,Value,2013,210.739051034
Kiosk,Value (Adjusted),2013,6.786152156
Kiosk,Units,2013,3.7442
Download Album,Value (Adjusted),2013,1352.202953
Music Video (Physical),Value,2013,106.283137789
DVD Audio,Value,2013,-0.495804191
LP/EP,Units,2013,9.351285870000002
Download Album,Units,2013,117.979213042
SoundExchange Distributions,Value (Adjusted),2013,647.930273827
Paid Subscription,Value,2013,643.324288756
Paid Subscription,Value (Adjusted),2013,706.011657475
Synchronization,Value (Adjusted),2013,208.162343515
Ringtones & Ringbacks,Units,2013,39.366235778
Download Music Video,Value (Adjusted),2013,18.372074986
Vinyl Single,Units,2013,0.3158170539999999
Music Video (Physical),Value (Adjusted),2013,116.639672376
SACD,Value (Adjusted),2013,1.073719014
Vinyl Single,Value,2013,2.978937179
Download Album,Value,2013,1232.139716
SACD,Value,2013,0.9783826
DVD Audio,Value (Adjusted),2013,-0.544116778
CD Single,Units,2013,0.628895398
Download Single,Value,2013,1573.420534
Download Music Video,Units,2013,8.412464
On-Demand Streaming (Ad-Supported),Value (Adjusted),2013,242.396097837
Ringtones & Ringbacks,Value,2013,97.999612333
Vinyl Single,Value (Adjusted),2014,5.938887283
Music Video (Physical),Value (Adjusted),2014,96.875251056
On-Demand Streaming (Ad-Supported),Value (Adjusted),2014,306.475448007
LP/EP,Value (Adjusted),2014,263.336179145
Kiosk,Value (Adjusted),2014,2.789051821
Download Single,Value (Adjusted),2014,1463.655387
CD Single,Value (Adjusted),2014,3.905023683
Download Album,Value (Adjusted),2014,1207.247578
DVD Audio,Value (Adjusted),2014,2.310456232
Download Music Video,Value (Adjusted),2014,14.662197203
CD,Value (Adjusted),2014,1918.215115
Paid Subscription,Value,2014,770.270559124
Music Video (Physical),Value,2014,89.705579875
On-Demand Streaming (Ad-Supported),Value,2014,283.793409371
SoundExchange Distributions,Value (Adjusted),2014,835.213587287
SoundExchange Distributions,Value,2014,773.4
Ringtones & Ringbacks,Value,2014,66.311370667
SACD,Value,2014,0.76344539
Vinyl Single,Value,2014,5.49935429
Synchronization,Value,2014,189.713099
CD Single,Units,2014,0.928725116
Download Music Video,Units,2014,6.82264392
Kiosk,Units,2014,1.592073358
Ringtones & Ringbacks,Value (Adjusted),2014,71.61127201
Download Album,Units,2014,114.230470801
DVD Audio,Units,2014,0.066542722
Music Video (Physical),Units,2014,4.065323601
SACD,Units,2014,0.030486
Download Single,Units,2014,1154.379327
CD,Units,2014,138.702363357
SACD,Value (Adjusted),2014,0.8244633599999999
Vinyl Single,Units,2014,0.4811982779999999
LP/EP,Units,2014,10.315563906
CD,Value,2014,1776.249324
CD Single,Value,2014,3.616015547
Synchronization,Value (Adjusted),2014,204.875818427
Ringtones & Ringbacks,Units,2014,26.632323683
Paid Subscriptions,Units,2014,7.73
Paid Subscriptions,Units,2014,7.7
Download Album,Value,2014,1117.900009
DVD Audio,Value,2014,2.139460944
Paid Subscription,Value (Adjusted),2014,831.8340274989998
Download Single,Value,2014,1355.331251
Download Music Video,Value,2014,13.577058
Kiosk,Value,2014,2.582636
LP/EP,Value,2014,243.84684834
Kiosk,Value,2015,3.700455
Download Single,Value,2015,1185.237595
Download Album,Value,2015,1064.433607
Download Music Video,Value,2015,6.414419
Paid Subscription,Value (Adjusted),2015,1247.676869
DVD Audio,Value,2015,5.416232673
Paid Subscriptions,Units,2015,10.84
Synchronization,Value (Adjusted),2015,218.894529344
Download Music Video,Units,2015,3.223325002
Ringtones & Ringbacks,Units,2015,21.924866054
CD,Value,2015,1444.993194
Paid Subscriptions,Units,2015,10.8
CD Single,Value,2015,1.19694661
SACD,Units,2015,0.041633
LP/EP,Units,2015,13.68102972
Vinyl Single,Units,2015,0.50786991
CD Single,Units,2015,0.3867215629999999
SACD,Value (Adjusted),2015,1.125529098
Ringtones & Ringbacks,Value (Adjusted),2015,58.874581007
DVD Audio,Units,2015,0.179506738
Music Video (Physical),Units,2015,3.133228006
Download Album,Units,2015,106.783884116
Download Single,Units,2015,986.2550359
Kiosk,Units,2015,2.202659889
Music Video (Physical),Value (Adjusted),2015,75.973614493
Vinyl Single,Value,2015,5.752954082
SoundExchange Distributions,Value (Adjusted),2015,865.719793095
Synchronization,Value,2015,202.934888
Ringtones & Ringbacks,Value,2015,54.582024222
Paid Subscription,Value,2015,1156.708514
SACD,Value,2015,1.04346656
SoundExchange Distributions,Value,2015,802.6
On-Demand Streaming (Ad-Supported),Value,2015,371.990396399
Music Video (Physical),Value,2015,70.434363958
LP/EP,Value,2015,333.379793112
Download Music Video,Value (Adjusted),2015,6.918875516
Download Album,Value (Adjusted),2015,1148.145081
DVD Audio,Value (Adjusted),2015,5.842187676
CD,Value (Adjusted),2015,1558.633452
CD Single,Value (Adjusted),2015,1.291079457
LP/EP,Value (Adjusted),2015,359.598162864
Download Single,Value (Adjusted),2015,1278.449595
Kiosk,Value (Adjusted),2015,3.99147413
On-Demand Streaming (Ad-Supported),Value (Adjusted),2015,401.245264147
Vinyl Single,Value (Adjusted),2015,6.205390253
CD,Units,2015,117.144051764
Vinyl Single,Value (Adjusted),2016,5.198931395
SACD,Value (Adjusted),2016,1.28555661
CD Single,Units,2016,0.121745255
Vinyl Single,Units,2016,0.4043306509999999
LP/EP,Units,2016,14.770886026
Download Single,Units,2016,743.003413783
Ringtones & Ringbacks,Value (Adjusted),2016,59.998070883
Kiosk,Units,2016,1.74878121
Download Album,Units,2016,85.12334989299998
DVD Audio,Units,2016,0.0858989319999999
SACD,Units,2016,0.045272
Music Video (Physical),Units,2016,2.495531725
Paid Subscription,Value (Adjusted),2016,2390.487545
DVD Audio,Value,2016,2.83553587
Download Single,Value,2016,900.1814810659998
Kiosk,Value,2016,2.943916801
Download Music Video,Value,2016,4.26940012
Download Album,Value,2016,868.59426835
Paid Subscriptions,Units,2016,22.7
CD,Value,2016,1130.764651
CD Single,Value,2016,0.2631990819999999
Synchronization,Value (Adjusted),2016,228.847859543
Paid Subscriptions,Units,2016,22.68
Ringtones & Ringbacks,Units,2016,22.620785392
Download Music Video,Units,2016,2.145427196
CD,Units,2016,97.577071197
CD,Value (Adjusted),2016,1204.497778
Other Digital,Value (Adjusted),2016,18.259409536
Download Album,Value (Adjusted),2016,925.232200992
Download Music Video,Value (Adjusted),2016,4.547792467
DVD Audio,Value (Adjusted),2016,3.020431045
CD Single,Value (Adjusted),2016,0.280361354
Kiosk,Value (Adjusted),2016,3.13587911
LP/EP,Value (Adjusted),2016,378.607270991
On-Demand Streaming (Ad-Supported),Value (Adjusted),2016,521.288175026
Music Video (Physical),Value (Adjusted),2016,60.634642175
Other Ad-Supported Streaming,Value (Adjusted),2016,86.55959668299998
Limited Tier Paid Subscription,Value (Adjusted),2016,280.536691286
Download Single,Value (Adjusted),2016,958.87910313
Paid Subscription,Value,2016,2244.154254
Ringtones & Ringbacks,Value,2016,56.325299125
SoundExchange Distributions,Value,2016,883.9
SACD,Value,2016,1.20686148
Vinyl Single,Value,2016,4.880679689
Synchronization,Value,2016,214.83897654
SoundExchange Distributions,Value (Adjusted),2016,941.535964784
Other Ad-Supported Streaming,Value,2016,81.26086561699998
Other Digital,Value,2016,17.141662871
Music Video (Physical),Value,2016,56.922902813
On-Demand Streaming (Ad-Supported),Value,2016,489.377607589
Limited Tier Paid Subscription,Value,2016,263.363685193
LP/EP,Value,2016,355.430890954
LP/EP,Value,2017,388.511108168
Limited Tier Paid Subscription,Value,2017,591.601097499
On-Demand Streaming (Ad-Supported),Value,2017,658.6064926
Music Video (Physical),Value,2017,38.619446998
Other Digital,Value,2017,16.885109868
Other Ad-Supported Streaming,Value,2017,261.786858952
SoundExchange Distributions,Value (Adjusted),2017,680.027594648
Synchronization,Value,2017,232.086522899
Vinyl Single,Value,2017,6.07838535
SACD,Value,2017,0.8505785599999999
SoundExchange Distributions,Value,2017,652.0
Ringtones & Ringbacks,Value,2017,35.513735653
Paid Subscription,Value,2017,3500.549813
Download Single,Value (Adjusted),2017,707.692711218
Other Ad-Supported Streaming,Value (Adjusted),2017,273.040319024
LP/EP,Value (Adjusted),2017,405.212077272
Kiosk,Value (Adjusted),2017,2.351668038
SACD,Value (Adjusted),2017,0.887142473
On-Demand Streaming (Ad-Supported),Value (Adjusted),2017,686.918081261
Music Video (Physical),Value (Adjusted),2017,40.279585351
Limited Tier Paid Subscription,Value (Adjusted),2017,617.032317981
DVD Audio,Value (Adjusted),2017,2.718901189
Download Music Video,Value (Adjusted),2017,2.905533136
Download Album,Value (Adjusted),2017,697.237618181
CD Single,Value (Adjusted),2017,1.542258972
Other Digital,Value (Adjusted),2017,17.610951916
CD,Value (Adjusted),2017,1102.774352
Vinyl Single,Value (Adjusted),2017,6.33967756
Ringtones & Ringbacks,Units,2017,14.262869941
Paid Subscriptions,Units,2017,35.273501216
Synchronization,Value (Adjusted),2017,242.063251407
CD Single,Value,2017,1.478694184
CD,Value,2017,1057.32309
Paid Subscriptions,Units,2017,35.3
Download Album,Value,2017,668.500705901
Download Music Video,Value,2017,2.785780489
Kiosk,Value,2017,2.25474315
Download Single,Value,2017,678.524888322
DVD Audio,Value,2017,2.606840648
Paid Subscription,Value (Adjusted),2017,3651.028327
Download Music Video,Units,2017,1.399889693
Music Video (Physical),Units,2017,1.87712837
SACD,Units,2017,0.032749
DVD Audio,Units,2017,0.061332251
Download Album,Units,2017,66.386103763
Kiosk,Units,2017,1.322377717
Ringtones & Ringbacks,Value (Adjusted),2017,37.040368455
Download Single,Units,2017,553.516151775
LP/EP,Units,2017,15.556089168
Vinyl Single,Units,2017,0.402959365
CD Single,Units,2017,0.13261663
CD,Units,2017,87.682499971
Vinyl Single,Value (Adjusted),2018,5.386196747
Ringtones & Ringbacks,Value (Adjusted),2018,25.41009037
Paid Subscription,Value (Adjusted),2018,4740.333581
SACD,Value (Adjusted),2018,0.8752772669999999
On-Demand Streaming (Ad-Supported),Value (Adjusted),2018,773.2949166879998
Other Ad-Supported Streaming,Value (Adjusted),2018,255.967443871
Other Digital,Value (Adjusted),2018,20.199063312
Download Single,Value (Adjusted),2018,499.316974193
Download Music Video,Value (Adjusted),2018,2.261051168
DVD Audio,Value (Adjusted),2018,3.377493968
Download Album,Value (Adjusted),2018,508.704388424
LP/EP,Value (Adjusted),2018,426.820186646
Kiosk,Value (Adjusted),2018,2.000651969
Limited Tier Paid Subscription,Value (Adjusted),2018,760.591366006
Music Video (Physical),Value (Adjusted),2018,28.060663877
SACD,Value,2018,0.85969971
Ringtones & Ringbacks,Value,2018,24.957859799
Paid Subscription,Value,2018,4655.968522
SoundExchange Distributions,Value (Adjusted),2018,970.064512738
On-Demand Streaming (Ad-Supported),Value,2018,759.532368153
Other Ad-Supported Streaming,Value,2018,251.411918813
Other Digital,Value,2018,19.839574865
Vinyl Single,Value,2018,5.290337079
SoundExchange Distributions,Value,2018,952.8
Synchronization,Value,2018,285.51349134
CD Single,Value (Adjusted),2018,0.157981482
CD,Value (Adjusted),2018,711.041239463
Ringtones & Ringbacks,Units,2018,10.026286725
Download Music Video,Units,2018,1.115985226
Download Album,Units,2018,49.734924535
Kiosk,Units,2018,1.097856529
DVD Audio,Units,2018,0.092803246
Music Video (Physical),Units,2018,1.395058021
SACD,Units,2018,0.032804
Download Single,Units,2018,399.773852346
CD,Units,2018,51.954275644
CD Single,Units,2018,0.020854078
Vinyl Single,Units,2018,0.346165002
LP/EP,Units,2018,16.670127326
CD Single,Value,2018,0.15516984
Paid Subscriptions,Units,2018,46.91132324
Synchronization,Value (Adjusted),2018,290.686928901
Paid Subscriptions,Units,2018,50.2
CD,Value,2018,698.386637244
Download Single,Value,2018,490.430488658
Download Music Video,Value,2018,2.2208106
DVD Audio,Value,2018,3.317383752
Download Album,Value,2018,499.65083242
LP/EP,Value,2018,419.223946961
Kiosk,Value,2018,1.965045799
Limited Tier Paid Subscription,Value,2018,747.054906158
Music Video (Physical),Value,2018,27.561260298
On-Demand Streaming (Ad-Supported),Value,2019,908.149330523
SoundExchange Distributions,Value (Adjusted),2019,908.2
Other Digital,Value,2019,21.517175006
Other Ad-Supported Streaming,Value,2019,251.064710118
Ringtones & Ringbacks,Value,2019,21.426736902
SACD,Value,2019,0.4333022919999999
Paid Subscription,Value,2019,5934.397625
CD,Value (Adjusted),2019,614.509779894
CD Single,Value (Adjusted),2019,0.1816788779999999
Vinyl Single,Value,2019,6.795945687
Synchronization,Value,2019,276.262360199
SoundExchange Distributions,Value,2019,908.2
On-Demand Streaming (Ad-Supported),Value (Adjusted),2019,908.149330523
SACD,Value (Adjusted),2019,0.4333022919999999
Other Digital,Value (Adjusted),2019,21.517175006
Other Ad-Supported Streaming,Value (Adjusted),2019,251.064710118
Ringtones & Ringbacks,Value (Adjusted),2019,21.426736902
Vinyl Single,Value (Adjusted),2019,6.795945687
Paid Subscription,Value (Adjusted),2019,5934.397625
Kiosk,Value (Adjusted),2019,1.586470587
LP/EP,Value (Adjusted),2019,497.588920842
Music Video (Physical),Value (Adjusted),2019,27.705246783
Limited Tier Paid Subscription,Value (Adjusted),2019,829.498739675
Download Music Video,Value (Adjusted),2019,1.858910402
Download Single,Value (Adjusted),2019,414.804250982
Download Album,Value (Adjusted),2019,394.533006158
DVD Audio,Value (Adjusted),2019,1.067303184
Ringtones & Ringbacks,Units,2019,8.605769715999998
Paid Subscriptions,Units,2019,60.381947607
CD,Value,2019,614.509779894
CD Single,Value,2019,0.1816788779999999
Kiosk,Value,2019,1.586470587
LP/EP,Value,2019,497.588920842
Music Video (Physical),Value,2019,27.705246783
Limited Tier Paid Subscription,Value,2019,829.498739675
Download Music Video,Value,2019,1.858910402
Download Single,Value,2019,414.804250982
Download Album,Value,2019,394.533006158
DVD Audio,Value,2019,1.067303184
Music Video (Physical),Units,2019,1.32294236
Synchronization,Value (Adjusted),2019,276.262360199
SACD,Units,2019,0.017654
DVD Audio,Units,2019,0.027982262
Kiosk,Units,2019,0.8997038649999999
Download Music Video,Units,2019,0.93412583
Download Album,Units,2019,40.202712338
Download Single,Units,2019,335.339193535
LP/EP,Units,2019,19.103162826
Vinyl Single,Units,2019,0.336120488
CD Single,Units,2019,0.026257455
CD,Units,2019,46.506495584
